{"cameraMode":{"drawMode":0,"name":"Shaded","section":"Shading Mode"},"sceneLighting":true,"audioPlay":false,"sceneViewState":{"m_AlwaysRefresh":false,"showFog":true,"showSkybox":true,"showFlares":true,"showImageEffects":true,"showParticleSystems":true,"showVisualEffectGraphs":true,"m_FxEnabled":true},"in2DMode":false,"pivot":{"x":270.7030334472656,"y":166.59912109375,"z":19.416095733642579},"rotation":{"x":-0.03299044445157051,"y":0.028777269646525384,"z":-0.0009512774413451552,"w":-0.9990596175193787},"size":203.56143188476563,"orthographic":true}