{"cameraMode":{"drawMode":0,"name":"Shaded","section":"Shading Mode"},"sceneLighting":true,"audioPlay":false,"sceneViewState":{"showFog":true,"showMaterialUpdate":false,"showSkybox":true,"showFlares":true,"showImageEffects":true,"showParticleSystems":true},"in2DMode":false,"pivot":{"x":204.82180786132813,"y":122.78915405273438,"z":-0.48394775390625},"rotation":{"x":-0.03328310698270798,"y":-0.03537636250257492,"z":0.001181159634143114,"w":-0.9988301992416382},"size":103.68080139160156,"orthographic":false}